c2db-10261,1,,,
c2db-10297,1,,,
c2db-10321,1,,,
c2db-10363,1,,,
c2db-11339,1,,,
c2db-11345,1,,,
c2db-11418,1,,,
c2db-11479,1,,,
c2db-12359,1,,,
c2db-12373,1,,,
c2db-12406,1,,,
c2db-12412,1,,,
c2db-12414,1,,,
c2db-12417,1,,,
c2db-13452,1,,,
c2db-13460,1,,,
c2db-13461,1,,,
c2db-13493,1,,,
c2db-13539,1,,,
c2db-13577,1,,,
c2db-14566,1,,,
c2db-14624,1,,,
c2db-15534,1,,,
c2db-15540,1,,,
c2db-15551,1,,,
c2db-15567,1,,,
c2db-15668,1,,,
c2db-15671,1,,,
c2db-1884,1,,,
c2db-1917,1,,,
c2db-1932,1,,,
c2db-1958,1,,,
c2db-2001,1,,,
c2db-2919,1,,,
c2db-2923,1,,,
c2db-2954,1,,,
c2db-3082,1,,,
c2db-3996,1,,,
c2db-4011,1,,,
c2db-4018,1,,,
c2db-4020,1,,,
c2db-4029,1,,,
c2db-4077,1,,,
c2db-5073,1,,,
c2db-6065,1,,,
c2db-6079,1,,,
c2db-6764,1,,,
c2db-7143,1,,,
c2db-7170,1,,,
c2db-7203,1,,,
c2db-8177,1,,,
c2db-8214,1,,,
c2db-8285,1,,,
c2db-872,1,,,
c2db-9217,1,,,
c2db-9256,1,,,
c2db-9272,1,,,
c2db-9301,1,,,
c2db-9322,1,,,
c2db-9374,1,,,
c2db-990,1,,,
c2db-10321,1,,,
c2db-11414,1,,,
c2db-1932,1,,,
c2db-1974,1,,,
c2db-4018,1,,,
c2db-5073,1,,,
c2db-6169,1,,,
c2db-8214,1,,,
c2db-872,1,,,