c2db-10346,1,,,
c2db-10358,1,,,
c2db-10438,1,,,
c2db-11373,1,,,
c2db-11520,1,,,
c2db-11584,1,,,
c2db-12382,1,,,
c2db-12384,1,,,
c2db-12421,1,,,
c2db-14483,1,,,
c2db-14494,1,,,
c2db-14506,1,,,
c2db-15541,1,,,
c2db-15558,1,,,
c2db-1907,1,,,
c2db-1966,1,,,
c2db-2932,1,,,
c2db-2936,1,,,
c2db-3076,1,,,
c2db-3090,1,,,
c2db-3993,1,,,
c2db-4004,1,,,
c2db-4007,1,,,
c2db-5012,1,,,
c2db-5047,1,,,
c2db-5048,1,,,
c2db-5054,1,,,
c2db-5124,1,,,
c2db-5133,1,,,
c2db-6061,1,,,
c2db-7135,1,,,
c2db-7173,1,,,
c2db-7247,1,,,
c2db-7279,1,,,
c2db-7281,1,,,
c2db-816,1,,,
c2db-8206,1,,,
c2db-840,1,,,
c2db-878,1,,,
c2db-885,1,,,
0d30d5a8-4683-4ad8-bc23-d34f304c9fa4,1,,,
13535e66-9d02-41bb-b8c5-ea16f582fb8f,1,,,
15e038b7-9b64-4d14-b877-539778583927,1,,,
1ba50b37-8d9b-455c-82fa-e14355cc510b,1,,,
2521a92b-adb2-4f3a-aa01-4907b0197010,1,,,
29f59724-654b-471a-bb11-d39500f8e8fa,1,,,
38f28391-8d00-4e77-a483-3c469d3c289a,1,,,
4afd2627-5695-49ee-8e2f-2d1f49bff3bb,1,,,
4ee771e7-4441-436f-ab30-9eb6ab353bd0,1,,,
581c62fb-e150-4289-a626-29801db20f34,1,,,
6fd851e2-3d4a-4261-b660-54906ff3f1a0,1,,,
85d8620f-46f0-4770-b9aa-b487cb518ea6,1,,,
88fa7dbb-e408-4610-a536-3f1986eb6999,1,,,
8afabafa-4254-4c7b-a693-8bd0db3a929f,1,,,
8b8967b0-b6a5-4aed-831e-f8e57cb389d6,1,,,
8de3a9ee-4de9-4835-80d0-2c4b386698d1,1,,,
9dd5ff89-9839-4815-bf98-ccb6d680868f,1,,,
a90c5627-5fe3-402a-9455-67f0d1db159d,1,,,
c0b90825-7e3d-47d4-bc13-09d0d05c7fe1,1,,,
c55a4e06-3199-42d3-9920-ea12bec8b36a,1,,,
d6396083-a40d-4e66-bd81-63a7360bea81,1,,,
e6fe6e2e-d85a-4fd9-bf59-98b3a71bc8ce,1,,,
ec4c4387-c398-42c4-8722-4c15537ead84,1,,,
f7f8c62a-62ed-448e-95cf-7015dc596b0c,1,,,
c2db-10244,1,,,
c2db-10254,1,,,
c2db-10283,1,,,
c2db-10323,1,,,
c2db-10358,1,,,
c2db-10457,1,,,
c2db-11356,1,,,
c2db-11363,1,,,
c2db-11369,1,,,
c2db-11450,1,,,
c2db-11451,1,,,
c2db-11460,1,,,
c2db-11468,1,,,
c2db-11473,1,,,
c2db-11496,1,,,
c2db-11520,1,,,
c2db-11521,1,,,
c2db-12077,1,,,
c2db-12322,1,,,
c2db-12381,1,,,
c2db-12437,1,,,
c2db-12499,1,,,
c2db-12522,1,,,
c2db-12527,1,,,
c2db-12535,1,,,
c2db-12568,1,,,
c2db-13444,1,,,
c2db-13455,1,,,
c2db-13458,1,,,
c2db-13472,1,,,
c2db-13512,1,,,
c2db-13541,1,,,
c2db-13558,1,,,
c2db-13565,1,,,
c2db-13573,1,,,
c2db-13601,1,,,
c2db-13603,1,,,
c2db-14437,1,,,
c2db-14450,1,,,
c2db-14452,1,,,
c2db-14483,1,,,
c2db-14505,1,,,
c2db-14507,1,,,
c2db-14521,1,,,
c2db-14529,1,,,
c2db-14598,1,,,
c2db-14607,1,,,
c2db-14620,1,,,
c2db-14650,1,,,
c2db-14652,1,,,
c2db-14667,1,,,
c2db-15500,1,,,
c2db-15602,1,,,
c2db-15663,1,,,
c2db-15670,1,,,
c2db-15673,1,,,
c2db-15717,1,,,
c2db-1593,1,,,
c2db-1829,1,,,
c2db-1922,1,,,
c2db-1965,1,,,
c2db-1966,1,,,
c2db-2060,1,,,
c2db-2072,1,,,
c2db-2979,1,,,
c2db-3083,1,,,
c2db-3121,1,,,
c2db-3129,1,,,
c2db-3616,1,,,
c2db-3932,1,,,
c2db-3997,1,,,
c2db-4017,1,,,
c2db-4026,1,,,
c2db-4072,1,,,
c2db-4143,1,,,
c2db-4173,1,,,
c2db-4981,1,,,
c2db-5012,1,,,
c2db-5048,1,,,
c2db-5069,1,,,
c2db-5094,1,,,
c2db-5154,1,,,
c2db-5216,1,,,
c2db-5754,1,,,
c2db-6102,1,,,
c2db-6109,1,,,
c2db-6205,1,,,
c2db-6265,1,,,
c2db-7135,1,,,
c2db-7163,1,,,
c2db-7164,1,,,
c2db-7176,1,,,
c2db-7247,1,,,
c2db-7254,1,,,
c2db-7272,1,,,
c2db-7290,1,,,
c2db-7301,1,,,
c2db-7321,1,,,
c2db-785,1,,,
c2db-792,1,,,
c2db-8252,1,,,
c2db-8313,1,,,
c2db-8320,1,,,
c2db-8326,1,,,
c2db-8339,1,,,
c2db-870,1,,,
c2db-879,1,,,
c2db-9205,1,,,
c2db-9352,1,,,
c2db-9362,1,,,
c2db-9369,1,,,
c2db-952,1,,,
c2db-953,1,,,
c2db-961,1,,,
c2db-986,1,,,
c2db-9961,1,,,